--
-- データベース: `japanese_master`
--

--
-- テーブルのデータのダンプ `game_result`
--

INSERT INTO `game_result` (`id`, `word_id`, `right_num`, `wrong_num`) VALUES
(1, 1, 0, 0),
(2, 2, 0, 0),
(3, 3, 0, 0),
(4, 4, 0, 0),
(5, 5, 0, 0),
(6, 6, 0, 0),
(7, 7, 0, 0),
(8, 8, 0, 0),
(9, 9, 0, 0),
(10, 10, 0, 0),
(11, 11, 0, 0),
(12, 12, 0, 0),
(13, 13, 0, 0),
(14, 14, 0, 0),
(15, 15, 0, 0),
(16, 16, 0, 0),
(17, 17, 0, 0),
(18, 18, 0, 0),
(19, 19, 0, 0),
(20, 20, 0, 0),
(21, 21, 0, 0),
(22, 22, 0, 0),
(23, 23, 0, 0),
(24, 24, 0, 0),
(25, 25, 0, 0),
(26, 26, 0, 0),
(27, 27, 0, 0),
(28, 28, 0, 0),
(29, 29, 0, 0),
(30, 30, 0, 0),
(31, 31, 0, 0),
(32, 32, 0, 0),
(33, 33, 0, 0),
(34, 34, 0, 0),
(35, 35, 0, 0),
(36, 36, 0, 0),
(37, 37, 0, 0),
(38, 38, 0, 0),
(39, 39, 0, 0),
(40, 40, 0, 0),
(41, 41, 0, 0),
(42, 42, 0, 0),
(43, 43, 0, 0),
(44, 44, 0, 0),
(45, 45, 0, 0),
(46, 46, 0, 0),
(47, 47, 0, 0),
(48, 48, 0, 0),
(49, 49, 0, 0),
(50, 50, 0, 0),
(51, 51, 0, 0),
(52, 52, 0, 0),
(53, 53, 0, 0),
(54, 54, 0, 0),
(55, 55, 0, 0),
(56, 56, 0, 0),
(57, 57, 0, 0),
(58, 58, 0, 0),
(59, 59, 0, 0),
(60, 60, 0, 0),
(61, 61, 0, 0),
(62, 62, 0, 0),
(63, 63, 0, 0),
(64, 64, 0, 0),
(65, 65, 0, 0),
(66, 66, 0, 0),
(67, 67, 0, 0),
(68, 68, 0, 0),
(69, 69, 0, 0),
(70, 70, 0, 0),
(71, 71, 0, 0),
(72, 72, 0, 0),
(73, 73, 0, 0),
(74, 74, 0, 0),
(75, 75, 0, 0),
(76, 76, 0, 0),
(77, 77, 0, 0),
(78, 78, 0, 0),
(79, 79, 0, 0),
(80, 80, 0, 0),
(81, 81, 0, 0),
(82, 82, 0, 0),
(83, 83, 0, 0),
(84, 84, 0, 0),
(85, 85, 0, 0),
(86, 86, 0, 0),
(87, 87, 0, 0),
(88, 88, 0, 0),
(89, 89, 0, 0),
(90, 90, 0, 0),
(91, 91, 0, 0),
(92, 92, 0, 0),
(93, 93, 0, 0),
(94, 94, 0, 0),
(95, 95, 0, 0),
(96, 96, 0, 0),
(97, 97, 0, 0),
(98, 98, 0, 0),
(99, 99, 0, 0),
(100, 100, 0, 0),
(101, 101, 0, 0),
(102, 102, 0, 0),
(103, 103, 0, 0),
(104, 104, 0, 0),
(105, 105, 0, 0),
(106, 106, 0, 0),
(107, 107, 0, 0),
(108, 108, 0, 0),
(109, 109, 0, 0),
(110, 110, 0, 0),
(111, 111, 0, 0),
(112, 112, 0, 0),
(113, 113, 0, 0),
(114, 114, 0, 0),
(115, 115, 0, 0),
(116, 116, 0, 0),
(117, 117, 0, 0),
(118, 118, 0, 0),
(119, 119, 0, 0),
(120, 120, 0, 0),
(121, 121, 0, 0),
(122, 122, 0, 0),
(123, 123, 0, 0),
(124, 124, 0, 0),
(125, 125, 0, 0),
(126, 126, 0, 0),
(127, 127, 0, 0),
(128, 128, 0, 0),
(129, 129, 0, 0),
(130, 130, 0, 0),
(131, 131, 0, 0),
(132, 132, 0, 0),
(133, 133, 0, 0),
(134, 134, 0, 0),
(135, 135, 0, 0),
(136, 136, 0, 0),
(137, 137, 0, 0),
(138, 138, 0, 0),
(139, 139, 0, 0),
(140, 140, 0, 0),
(141, 141, 0, 0),
(142, 142, 0, 0),
(143, 143, 0, 0),
(144, 144, 0, 0),
(145, 145, 0, 0),
(146, 146, 0, 0),
(147, 147, 0, 0),
(148, 148, 0, 0),
(149, 149, 0, 0),
(150, 150, 0, 0);

--
-- テーブルのデータのダンプ `level`
--

INSERT INTO `level` (`id`, `mission_id`, `level_no`, `game_status`, `test_status`, `game_word_id`, `test_word_id`) VALUES
(1, 1, 1, 1, 1, 1, 1),
(2, 1, 2, 1, 1, 2, 2),
(3, 1, 3, 1, 1, 3, 3),
(4, 1, 4, 1, 1, 4, 4),
(5, 1, 5, 1, 1, 5, 5),
(6, 2, 1, 1, 1, 31, 31),
(7, 2, 2, 1, 1, 32, 32),
(8, 2, 3, 1, 1, 33, 33),
(9, 2, 4, 1, 1, 34, 34),
(10, 2, 5, 1, 1, 35, 35),
(11, 3, 1, 1, 1, 61, 61),
(12, 3, 2, 1, 1, 62, 62),
(13, 3, 3, 1, 1, 63, 63),
(14, 3, 4, 1, 1, 64, 64),
(15, 3, 5, 1, 1, 65, 65),
(16, 4, 1, 1, 1, 91, 91),
(17, 4, 2, 1, 1, 92, 92),
(18, 4, 3, 1, 1, 93, 93),
(19, 4, 4, 1, 1, 94, 94),
(20, 4, 5, 1, 1, 95, 95),
(21, 5, 1, 1, 1, 121, 121),
(22, 5, 2, 1, 1, 122, 122),
(23, 5, 3, 1, 1, 123, 123),
(24, 5, 4, 1, 1, 124, 124),
(25, 5, 5, 1, 1, 125, 125);

--
-- テーブルのデータのダンプ `mission`
--

INSERT INTO `mission` (`id`, `mission_no`, `game_status`, `test_status`) VALUES
(1, 1, 1, 1),
(2, 2, 1, 1),
(3, 3, 1, 1),
(4, 3, 1, 1),
(5, 3, 1, 1);

--
-- テーブルのデータのダンプ `test_result`
--

INSERT INTO `test_result` (`id`, `word_id`, `right_num`, `wrong_num`) VALUES
(1, 1, 0, 0),
(2, 2, 0, 0),
(3, 3, 0, 0),
(4, 4, 0, 0),
(5, 5, 0, 0),
(6, 6, 0, 0),
(7, 7, 0, 0),
(8, 8, 0, 0),
(9, 9, 0, 0),
(10, 10, 0, 0),
(11, 11, 0, 0),
(12, 12, 0, 0),
(13, 13, 0, 0),
(14, 14, 0, 0),
(15, 15, 0, 0),
(16, 16, 0, 0),
(17, 17, 0, 0),
(18, 18, 0, 0),
(19, 19, 0, 0),
(20, 20, 0, 0),
(21, 21, 0, 0),
(22, 22, 0, 0),
(23, 23, 0, 0),
(24, 24, 0, 0),
(25, 25, 0, 0),
(26, 26, 0, 0),
(27, 27, 0, 0),
(28, 28, 0, 0),
(29, 29, 0, 0),
(30, 30, 0, 0),
(31, 31, 0, 0),
(32, 32, 0, 0),
(33, 33, 0, 0),
(34, 34, 0, 0),
(35, 35, 0, 0),
(36, 36, 0, 0),
(37, 37, 0, 0),
(38, 38, 0, 0),
(39, 39, 0, 0),
(40, 40, 0, 0),
(41, 41, 0, 0),
(42, 42, 0, 0),
(43, 43, 0, 0),
(44, 44, 0, 0),
(45, 45, 0, 0),
(46, 46, 0, 0),
(47, 47, 0, 0),
(48, 48, 0, 0),
(49, 49, 0, 0),
(50, 50, 0, 0),
(51, 51, 0, 0),
(52, 52, 0, 0),
(53, 53, 0, 0),
(54, 54, 0, 0),
(55, 55, 0, 0),
(56, 56, 0, 0),
(57, 57, 0, 0),
(58, 58, 0, 0),
(59, 59, 0, 0),
(60, 60, 0, 0),
(61, 61, 0, 0),
(62, 62, 0, 0),
(63, 63, 0, 0),
(64, 64, 0, 0),
(65, 65, 0, 0),
(66, 66, 0, 0),
(67, 67, 0, 0),
(68, 68, 0, 0),
(69, 69, 0, 0),
(70, 70, 0, 0),
(71, 71, 0, 0),
(72, 72, 0, 0),
(73, 73, 0, 0),
(74, 74, 0, 0),
(75, 75, 0, 0),
(76, 76, 0, 0),
(77, 77, 0, 0),
(78, 78, 0, 0),
(79, 79, 0, 0),
(80, 80, 0, 0),
(81, 81, 0, 0),
(82, 82, 0, 0),
(83, 83, 0, 0),
(84, 84, 0, 0),
(85, 85, 0, 0),
(86, 86, 0, 0),
(87, 87, 0, 0),
(88, 88, 0, 0),
(89, 89, 0, 0),
(90, 90, 0, 0),
(91, 91, 0, 0),
(92, 92, 0, 0),
(93, 93, 0, 0),
(94, 94, 0, 0),
(95, 95, 0, 0),
(96, 96, 0, 0),
(97, 97, 0, 0),
(98, 98, 0, 0),
(99, 99, 0, 0),
(100, 100, 0, 0),
(101, 101, 0, 0),
(102, 102, 0, 0),
(103, 103, 0, 0),
(104, 104, 0, 0),
(105, 105, 0, 0),
(106, 106, 0, 0),
(107, 107, 0, 0),
(108, 108, 0, 0),
(109, 109, 0, 0),
(110, 110, 0, 0),
(111, 111, 0, 0),
(112, 112, 0, 0),
(113, 113, 0, 0),
(114, 114, 0, 0),
(115, 115, 0, 0),
(116, 116, 0, 0),
(117, 117, 0, 0),
(118, 118, 0, 0),
(119, 119, 0, 0),
(120, 120, 0, 0),
(121, 121, 0, 0),
(122, 122, 0, 0),
(123, 123, 0, 0),
(124, 124, 0, 0),
(125, 125, 0, 0),
(126, 126, 0, 0),
(127, 127, 0, 0),
(128, 128, 0, 0),
(129, 129, 0, 0),
(130, 130, 0, 0),
(131, 131, 0, 0),
(132, 132, 0, 0),
(133, 133, 0, 0),
(134, 134, 0, 0),
(135, 135, 0, 0),
(136, 136, 0, 0),
(137, 137, 0, 0),
(138, 138, 0, 0),
(139, 139, 0, 0),
(140, 140, 0, 0),
(141, 141, 0, 0),
(142, 142, 0, 0),
(143, 143, 0, 0),
(144, 144, 0, 0),
(145, 145, 0, 0),
(146, 146, 0, 0),
(147, 147, 0, 0),
(148, 148, 0, 0),
(149, 149, 0, 0),
(150, 150, 0, 0);

--
-- テーブルのデータのダンプ `word`
--

INSERT INTO `word` (`id`, `kanji`, `kana`, `chinese_means`, `mission_id`, `level_id`) VALUES
(1, '扇ぐ', 'あおぐ', '扇风', 1, 1),
(2, '揚げる', 'あげる', '举起；油炸；起（货）', 1, 2),
(3, 'あちら', 'あちら', '那边；那个；那位', 1, 3),
(4, '余る', 'あまる', '剩、余；胜过', 1, 4),
(5, '暗礁', 'あんしょう', '暗礁', 1, 5),
(6, '生きる', 'いきる', '谋生、维持生计；有效、有影响；生动、栩栩如生', 1, 1),
(7, '痛む，傷む', 'いたむ', '身体疼痛；心痛、伤心；损坏', 1, 2),
(8, '暇', 'いとま', '闲暇、余暇；休假；解雇、辞职；告辞', 1, 3),
(9, '植え付ける', 'うえつける', '种植物；灌输（思想、意识等）', 1, 4),
(10, '唸る', 'うなる', '（猛兽、犬类）吼、啸、叫等；呻吟、哼哼；发出呜呜声；吟、哼、唱；赞叹、叫好；有很多', 1, 5),
(11, '衛星', 'えいせい', '卫星', 1, 1),
(12, '応急', 'おうきゅう', '应急', 1, 2),
(13, '収まる', 'おさまる', '收纳、整齐地收好；解决、平息', 1, 3),
(14, '自ずから', 'おのずから', '自然而热地', 1, 4),
(15, '開会', 'かいかい', '开会', 1, 5),
(16, '外部', 'がいぶ', '外侧；外界', 1, 1),
(17, '学習', 'がくしゅう', '学习', 1, 2),
(18, '風', 'かぜ', '风；架子、派头', 1, 3),
(19, '悲しい', 'かなしい', '悲伤的、可悲的', 1, 4),
(20, '過労', 'かろう', '劳累过度', 1, 5),
(21, '幹線', 'かんせん', '干线、主线', 1, 1),
(22, '聞かせる', 'きかせる', '使听；讲话、唱歌等中听', 1, 2),
(23, '起訴', 'きそ', '起诉', 1, 3),
(24, '休暇', 'きゅうか', '休假', 1, 4),
(25, '脅迫', 'きょうはく', '威胁', 1, 5),
(26, '筋肉', 'きんにく', '肌肉', 1, 1),
(27, '口先', 'くちさき', '嘴边；口头、嘴上', 1, 2),
(28, '企てる', 'くわだてる', '计划、试图、打算', 1, 3),
(29, '化粧', 'けしょう', '化妆；装饰、点缀', 1, 4),
(30, '原価', 'げんか', '原价、成本价、进货价', 1, 5),
(31, '言論', 'げんろん', '言论', 2, 1),
(32, '公私', 'こうし', '公私；公私不分', 2, 2),
(33, '交流', 'こうりゅう', '交流', 2, 3),
(34, '国家', 'こっか', '国家', 2, 4),
(35, '堪える', 'こらえる', '忍耐、憋住', 2, 5),
(36, '採算', 'さいさん', '核算、核对', 2, 1),
(37, '索引', 'さくいん', '索引', 2, 2),
(38, '砂糖', 'さとう', '白砂糖', 2, 3),
(39, '散歩', 'さんぽ', '散步', 2, 4),
(40, '事故', 'じこ', '事故、不幸的事件', 2, 5),
(41, '慕う', 'したう', '怀念；爱慕；敬慕；追随', 2, 1),
(42, '視点', 'してん', '视线所至；观点', 2, 2),
(43, '霜', 'しも', '霜；白发', 2, 3),
(44, '重大', 'じゅうだい', '重大、严重', 2, 4),
(45, '出演', 'しゅつえん', '演出、出场', 2, 5),
(46, '生涯', 'しょうがい', '生涯、一生', 2, 1),
(47, '少年', 'しょうねん', '少年', 2, 2),
(48, '所帯', 'しょたい', '家庭、家业', 2, 3),
(49, '振興', 'しんこう', '振兴', 2, 4),
(50, '親友', 'しんゆう', '挚友、密友', 2, 5),
(51, '空く', 'すく', '空；闲下来、手空出来', 2, 1),
(52, 'すれ違う', 'すれちがう', '走岔开、走两岔；一出一进、一来一去；不同、不相符', 2, 2),
(53, '生存', 'せいぞん', '生存；活下来', 2, 3),
(54, '設定', 'せってい', '设定、制定', 2, 4),
(55, '銭湯', 'せんとう', '澡堂', 2, 5),
(56, '装備', 'そうび', '装备', 2, 1),
(57, '空', 'そら', '天、空中；天气；心情；谎言、假话；背诵', 2, 2),
(58, '大正', 'たいしょう', '大正', 2, 3),
(59, '類', 'たぐい', '同类、种类；（蔑称）之流', 2, 4),
(60, '建て直す', 'たてなおす', '改建、翻盖；重组、重建', 2, 5),
(61, '他愛無い', 'たわいない', '无聊、不足道；一下子就……、容易；无邪的、天真的', 3, 1),
(62, '地形', 'ちけい', '地形', 3, 2),
(63, '調査', 'ちょうさ', '调查', 3, 3),
(64, '序に', 'ついでに', '顺便；就便', 3, 4),
(65, '付ける', 'つける', '靠近、靠紧；贴上、拴上；涂抹；安装；附上、加上；使陪伴、使跟随；留下痕迹；着手、开始做；记录、写；养成、掌握；盛饭等；跟踪、尾随；小心、留意；建立、解决；决定；给予', 3, 5),
(66, '詰まる', 'つまる', '塞满、挤满；堵塞；困窘、窘迫；收缩', 3, 1),
(67, '定員', 'ていいん', '定额（人员）；规定人数', 3, 2),
(68, '定論', 'ていろん', '定论', 3, 3),
(69, '哲学', 'てつがく', '哲学；想法、观点、主张', 3, 4),
(70, '照照坊主', 'てるてるぼうず', '扫晴娘', 3, 5),
(71, '転じる', 'てんじる', '转变、改变', 3, 1),
(72, '吐息', 'といき', '叹气', 3, 2),
(73, '当事', 'とうじ', '当事', 3, 3),
(74, '豆乳', 'とうにゅう', '豆浆', 3, 4),
(75, '咎める', 'とがめる', '责备；内疚；盘问', 3, 5),
(76, '匿名', 'とくめい', '匿名', 3, 1),
(77, 'どっかり', 'どっかり', '沉重的样子；突然、急剧', 3, 2),
(78, '恍ける，惚ける', 'とぼける', '（头脑）迟钝；假装不知；做出滑稽行为', 3, 3),
(79, '取り除く', 'とりのぞく', '拆除、除掉', 3, 4),
(80, '内緒', 'ないしょ', '秘密；生计、生活', 3, 5),
(81, '投げ掛ける', 'なげかける', '披上；投掷、投到；提出（疑问）；偎靠', 3, 1),
(82, '生臭い', 'なまぐさい', '鱼腥；血腥；俗气的', 3, 2),
(83, '何で', 'なんで', '为什么', 3, 3),
(84, '偽物，贋物', 'にせもの', '冒牌货', 3, 4),
(85, '忍者', 'にんじゃ', '隐秘行动的刺探敌情的人', 3, 5),
(86, '願う', 'ねがう', '期望；请求、要求', 3, 1),
(87, '狙いどころ', 'ねらいどころ', '着眼点', 3, 2),
(88, '脳裏', 'のうり', '脑海里', 3, 3),
(89, '飲み水', 'のみみず', '饮用水', 3, 4),
(90, '拝借', 'はいしゃく', '（“借りる”的自谦语）借', 3, 5),
(91, '波及', 'はきゅう', '波及', 4, 1),
(92, '梯子', 'はしご', '梯子；串酒馆、从这家喝到那家', 4, 2),
(93, '罰金', 'ばっきん', '罚款', 4, 3),
(94, '甚だ', 'はなはだ', '非常、很', 4, 4),
(95, '流行', 'はやり', '流行', 4, 5),
(96, '反抗', 'はんこう', '反抗', 4, 1),
(97, '被害', 'ひがい', '被害、遭灾', 4, 2),
(98, '引け目', 'ひけめ', '自卑感', 4, 3),
(99, '引っ掛ける', 'ひっかける', '挂上、剐破；披上；泼上、溅上；欺骗；（一口气）喝；撞上', 4, 4),
(100, '人波', 'ひとなみ', '人潮', 4, 5),
(101, '紐', 'ひも', '带、细绳；（暗中操纵的）条件；（得倒贴的、妓女等的）情夫', 4, 1),
(102, '表明', 'ひょうめい', '表明', 4, 2),
(103, '品', 'ひん', '物品、东西；品格', 4, 3),
(104, '風来坊', 'ふうらいぼう', '来去无踪的人、无定性的人', 4, 4),
(105, '複写', 'ふくしゃ', '誊写、复写；复印、复制', 4, 5),
(106, '無事', 'ぶじ', '健康；平安、太平无事', 4, 1),
(107, '双子', 'ふたご', '双生子、双胞胎', 4, 2),
(108, '舞踏', 'ぶとう', '舞蹈', 4, 3),
(109, '舞踊', 'ぶよう', '舞蹈', 4, 4),
(110, '付録', 'ふろく', '附录', 4, 5),
(111, '文明', 'ぶんめい', '文明', 4, 1),
(112, '平和', 'へいわ', '和睦；和平', 4, 2),
(113, 'ぺろり', 'ぺろり', '伸舌；立刻吃光', 4, 3),
(114, '辺鄙', 'へんぴ', '偏僻、偏远', 4, 4),
(115, '坊さん', 'ぼうさん', '和尚（亲切的称呼）', 4, 5),
(116, '方々', 'ほうぼう', '各处、到处', 4, 1),
(117, '母校', 'ぼこう', '母校', 4, 2),
(118, '頬っぺた', 'ほっぺた', '脸颊；非常好吃', 4, 3),
(119, '幌', 'ほろ', '车篷', 4, 4),
(120, '迷子', 'まいご', '走丢的孩子、迷路的孩子', 4, 5),
(121, 'まごまご', 'まごまご', '打转转、惊慌失措', 5, 1),
(122, '睫，睫毛', 'まつげ', '睫毛', 5, 2),
(123, '守り，護り', 'まもり', '守卫；守护神；护身符', 5, 3),
(124, '見合う', 'みあう', '对着看；均匀、相抵', 5, 4),
(125, '見知る', 'みしる', '见过、认识', 5, 5),
(126, '道筋', 'みちすじ', '（通过的）道路；道理；合乎道理', 5, 1),
(127, '見栄え', 'みばえ', '外表美观、漂亮', 5, 2),
(128, '民主', 'みんしゅ', '民主', 5, 3),
(129, '武者', 'むしゃ', '武士、战士', 5, 4),
(130, '無法', 'むほう', '无法；粗暴、蛮横、不讲道理', 5, 5),
(131, '迷惑', 'めいわく', '为难、打搅、麻烦', 5, 1),
(132, '免許', 'めんきょ', '许可、批准；许可证、执照', 5, 2),
(133, '目次', 'もくじ', '目次、目录', 5, 3),
(134, '戻る', 'もどる', '返回、折回；回到；退回、归还；恢复到原状态；回家', 5, 4),
(135, '野営', 'やえい', '野营', 5, 5),
(136, '野心', 'やしん', '雄心、野心；祸心', 5, 1),
(137, '破れる', 'やぶれる', '破裂；破损；失败、破灭；输、被打败', 5, 2),
(138, '友愛', 'ゆうあい', '友爱', 5, 3),
(139, '昨夜', 'ゆうべ', '昨晚', 5, 4),
(140, '指', 'ゆび', '手指、指头', 5, 5),
(141, '要項', 'ようこう', '要点、重点', 5, 1),
(142, '用量', 'ようりょう', '用量、剂量', 5, 2),
(143, '装い', 'よそおい', '打扮、服装；风情；装饰', 5, 3),
(144, '夜', 'よる', '夜间、晚上', 5, 4),
(145, '喇叭', 'らっぱ', '喇叭、军号；吹牛、说大话', 5, 5),
(146, '立身', 'りっしん', '处罚、名迹', 5, 1),
(147, '両替', 'りょうがえ', '兑调、兑换', 5, 2),
(148, '臨床', 'りんしょう', '临床', 5, 3),
(149, '零点', 'れいてん', '零分；冰点', 5, 4),
(150, '廊下', 'ろうか', '走廊、廊子', 5, 5);
